,No_Pesanan,Status_Pesanan,Status_Pembatalan_Atau_Pengembalian,No_Resi,Opsi_Pengiriman,Antar_Counter_Atau_Pick-Up,Batas_Waktu_Pengiriman,Waktu_Pengiriman_Diatur,Waktu_Pesanan_Dibuat,Waktu_Pembayaran_Dilakukan,SKU_Induk,Nama_Produk,Nomor_Referensi_SKU,Nama_Variasi,Harga_Awal,Harga_Setelah_Diskon,Jumlah,Total_Harga_Produk,Total_Diskon,Diskon_Dari_Penjual,Diskon_Dari_Shopee,Berat_Produk,Jumlah_Produk_Di_Pesan,Total_Berat,Voucher_Ditanggung_Penjual,Cashback_Koin,Voucher_Ditanggung_Shopee,Paket_Diskon,Paket_Diskon_Shopee,Paket_Diskon_Penjual,Potongan_Koin_Shopee,Diskon_Kartu_Kredit,Ongkos_Kirim_Dibayar_Oleh_Pembeli,Total_Pembayaran,Perkiraan_Ongkos_Kirim,Catatan_Dari_Pembeli,Catatan,City,User_Id,Category,Full Name
0,2103017PUH1WMN,Selesai,Pengembalian,JP1737075560,J&T Express,Pickup,2021-03-03 09:31:00,2021-03-01 17:36:00,2021-03-01 09:31:00,2021-03-01 09:31:00,embhigh,"miniletics Sports Bra Embrace Bra High Neck, with A/B cup",EMBHigh_MauvePink_M,"Mauve Pink,M",174500.0,174500.0,1,174500.0,0.0,0.0,0.0,300,1,300,0.0,0.0,0.0,N,0.0,0.0,0,0.0,0.0,174500.0,10000.0,Tidak ada,Tidak ada,Tangerang Selatan,51,sports bra,Embrace Bra High Neck Support with A/B Cup
1,210302AX6RYQ4M,Selesai,Pengembalian,002504001154,SiCepat REG,Pickup,2021-03-04 16:20:00,2021-03-03 14:40:00,2021-03-02 16:20:00,2021-03-02 16:20:00,slfull,miniletics Legging Olahraga Wanita Swift Legging,SLfull_DarkBlue_L,"Dark Blue,L",249500.0,249500.0,1,249500.0,0.0,0.0,0.0,300,1,300,0.0,0.0,0.0,N,0.0,0.0,6437,0.0,7000.0,253280.0,7000.0,Tidak ada,Tidak ada,Bogor,49,legging,Swift Legging Full
2,210306K5X0XM90,Selesai,Pengembalian,IN-2-0IUPCRH3H1SSIS5R8P15,GrabExpress Instant,Pickup,2021-03-08 23:30:00,2021-03-06 09:41:00,2021-03-05 23:00:00,2021-03-05 23:01:00,molfull,miniletics Legging Olahraga Wanita Motion Legging Full,MOLFull_Blue_L,"Blue,L",244500.0,244500.0,1,244500.0,0.0,0.0,0.0,300,4,1200,0.0,0.0,0.0,N,0.0,0.0,0,0.0,6000.0,769500.0,6000.0,Tidak ada,Tidak ada,Surabaya,106,legging,Motion Legging Full
3,210306K5X0XM90,Selesai,Pengembalian,IN-2-0IUPCRH3H1SSIS5R8P15,GrabExpress Instant,Pickup,2021-03-08 23:30:00,2021-03-06 09:41:00,2021-03-05 23:00:00,2021-03-05 23:01:00,emb,miniletics Sports Bra Wanita Embrace Bra (support with A/B bra cup),EMB_LightPurple_L,"Light Purple,L",174500.0,174500.0,2,349000.0,0.0,0.0,0.0,600,4,1200,0.0,0.0,0.0,N,0.0,0.0,0,0.0,6000.0,769500.0,6000.0,Tidak ada,Tidak ada,Surabaya,106,sports bra,"Embrace Bra, Support with A/B bra cup"
4,210306K5X0XM90,Selesai,Pengembalian,IN-2-0IUPCRH3H1SSIS5R8P15,GrabExpress Instant,Pickup,2021-03-08 23:30:00,2021-03-06 09:41:00,2021-03-05 23:00:00,2021-03-05 23:01:00,alb,"miniletics Sports Bra Alleviate Bra, with A/B bra cup",ALB_Periwinkle_L,"Periwinkle,L",169500.0,169500.0,1,169500.0,0.0,0.0,0.0,300,4,1200,0.0,0.0,0.0,N,0.0,0.0,0,0.0,6000.0,769500.0,6000.0,Tidak ada,Tidak ada,Surabaya,106,sports bra,"Alleviate Bra, Support with A/B bra cup"
5,210306MFNMPJKQ,Selesai,Pengembalian,002505057241,SiCepat REG,Pickup,2021-03-09 11:30:00,2021-03-06 12:43:00,2021-03-06 11:27:00,2021-03-06 11:30:00,molfull,miniletics Legging Olahraga Wanita Motion Legging Full,MOLFull_PastelLilac_M,"Paste Lilac,M",244500.0,244500.0,1,244500.0,0.0,0.0,0.0,300,1,300,0.0,0.0,0.0,N,0.0,0.0,0,0.0,3000.0,248000.0,3000.0,Tidak ada,Tidak ada,Surabaya,106,legging,Motion Legging Full
6,210305HWU8R27U,Selesai,Pengembalian,002504859435,SiCepat REG,Pickup,2021-03-09 11:03:00,2021-03-05 14:39:00,2021-03-05 11:02:00,2021-03-05 11:03:00,alb,"miniletics Sports Bra Alleviate Bra, with A/B bra cup",ALB_Periwinkle_M,"Periwinkle,M",169500.0,169500.0,1,169500.0,0.0,0.0,0.0,300,1,300,0.0,0.0,0.0,N,0.0,0.0,4717,0.0,7000.0,174140.0,7000.0,Tidak ada,Tidak ada,Jakarta Selatan,42,sports bra,"Alleviate Bra, Support with A/B bra cup"
7,210307QS3G5QKN,Selesai,Pengembalian,JP0660562433,J&T Express,Pickup,2021-03-09 18:53:00,2021-03-08 16:23:00,2021-03-07 18:53:00,2021-03-07 18:53:00,fft,miniletics Tank Top Olahraga Wanita Feel Free Basic Crop Tank,FFT_Clay_M,"Clay,M",134000.0,134000.0,1,134000.0,0.0,0.0,0.0,300,3,900,0.0,0.0,0.0,N,0.0,0.0,33953,0.0,0.0,420522.0,23000.0,Tidak ada,Tidak ada,Denpasar,77,tank top,Feel Free Basic Crop Tank
8,210307QS3G5QKN,Selesai,Pengembalian,JP0660562433,J&T Express,Pickup,2021-03-09 18:53:00,2021-03-08 16:23:00,2021-03-07 18:53:00,2021-03-07 18:53:00,fft,miniletics Tank Top Olahraga Wanita Feel Free Basic Crop Tank,FFT_Black_M,"Black,M",134000.0,134000.0,1,134000.0,0.0,0.0,0.0,300,3,900,0.0,0.0,0.0,N,0.0,0.0,33953,0.0,0.0,420522.0,23000.0,Tidak ada,Tidak ada,Denpasar,77,tank top,Feel Free Basic Crop Tank
9,210307QS3G5QKN,Selesai,Pengembalian,JP0660562433,J&T Express,Pickup,2021-03-09 18:53:00,2021-03-08 16:23:00,2021-03-07 18:53:00,2021-03-07 18:53:00,ffb,"miniletics Sports Bra Feel Free Bra, with A/B cup",FFB_LightPurple_M,"Light Purple,M",169500.0,169500.0,1,169500.0,0.0,0.0,0.0,300,3,900,0.0,0.0,0.0,N,0.0,0.0,33953,0.0,0.0,420522.0,23000.0,Tidak ada,Tidak ada,Denpasar,77,sports bra,Feel Free Bra Support with A/B bra cup
10,21030189ME3UFQ,Selesai,Pengembalian,10000943190716,Anteraja,Pickup,2021-03-03 15:07:00,2021-03-02 15:04:00,2021-03-01 15:07:00,2021-03-01 15:07:00,embhigh,"miniletics Sports Bra Embrace Bra High Neck, with A/B cup",EMBHigh_White_M,"White,M",174500.0,174500.0,1,174500.0,0.0,0.0,0.0,300,1,300,0.0,0.0,0.0,N,0.0,0.0,0,0.0,0.0,174500.0,7500.0,Tidak ada,Tidak ada,Tangerang Selatan,88,sports bra,Embrace Bra High Neck Support with A/B Cup
11,2103018C7MQ1QC,Selesai,Permintaan Dibatalkan,10000944600351,Anteraja,Pickup,2021-03-03 15:55:00,2021-03-02 15:28:00,2021-03-01 15:53:00,2021-03-01 15:55:00,pwrhigh,"miniletics Sports Bra Power High Neck Bra, with A/B cup",PWRHigh_Magenta_M,"Magenta,M",174500.0,174500.0,1,174500.0,0.0,0.0,0.0,300,2,600,0.0,0.0,0.0,N,0.0,0.0,0,0.0,7500.0,426662.0,7500.0,Tidak ada,Tidak ada,Semarang,13,sports bra,"Power High Neck Bra, Support with A/B bra cup"
12,2103018C7MQ1QC,Selesai,Permintaan Dibatalkan,10000944600351,Anteraja,Pickup,2021-03-03 15:55:00,2021-03-02 15:28:00,2021-03-01 15:53:00,2021-03-01 15:55:00,molfull,miniletics Legging Olahraga Wanita Motion Legging Full,MOLFull_MauvePink_L,"Mauve Pink,L",244500.0,244500.0,1,244500.0,0.0,0.0,0.0,300,2,600,0.0,0.0,0.0,N,0.0,0.0,0,0.0,7500.0,426662.0,7500.0,Tidak ada,Tidak ada,Semarang,13,legging,Motion Legging Full
13,21030185BY3R1Y,Selesai,Pengembalian,JP4217292273,J&T Express,Pickup,2021-03-03 13:52:00,2021-03-02 16:30:00,2021-03-01 13:50:00,2021-03-01 13:52:00,embhigh,"miniletics Sports Bra Embrace Bra High Neck, with A/B cup",EMBHigh_Periwinkle_L,"Periwinkle,L",174500.0,174500.0,1,174500.0,0.0,0.0,0.0,300,1,300,0.0,0.0,0.0,N,0.0,0.0,0,0.0,0.0,175000.0,21500.0,Tidak ada,Tidak ada,Bengkulu,173,sports bra,Embrace Bra High Neck Support with A/B Cup
14,210303DRWRJB2E,Selesai,Pengembalian,10000953157783,Anteraja,Pickup,2021-03-08 21:54:00,2021-03-04 15:41:00,2021-03-03 19:24:00,2021-03-03 21:54:00,pwrhigh,"miniletics Sports Bra Power High Neck Bra, with A/B cup",PWRHigh_Magenta_S,"Magenta,S",174500.0,174500.0,1,174500.0,0.0,0.0,0.0,300,1,300,0.0,0.0,0.0,N,0.0,0.0,0,0.0,7500.0,182500.0,7500.0,Tidak ada,Tidak ada,Jakarta Barat,101,sports bra,"Power High Neck Bra, Support with A/B bra cup"
15,210309VNAMBU71,Selesai,Pengembalian,JP5351047288,J&T Express,Pickup,2021-03-12 17:33:00,2021-03-10 16:17:00,2021-03-09 17:29:00,2021-03-09 17:33:00,embhigh,"miniletics Sports Bra Embrace Bra High Neck, with A/B cup",EMBHigh_Periwinkle_M,"Periwinkle,M",174500.0,174500.0,1,174500.0,0.0,0.0,0.0,300,3,900,7500.0,0.0,0.0,N,0.0,0.0,0,0.0,7500.0,452796.0,7500.0,Tidak ada,Tidak ada,Jakarta Selatan,249,sports bra,Embrace Bra High Neck Support with A/B Cup
16,210309VNAMBU71,Selesai,Pengembalian,JP5351047288,J&T Express,Pickup,2021-03-12 17:33:00,2021-03-10 16:17:00,2021-03-09 17:29:00,2021-03-09 17:33:00,ct,miniletics Tank Top Olahraga Wanita ClariTy Tank,CT_White_M,"White,M",139000.0,139000.0,1,139000.0,0.0,0.0,0.0,300,3,900,7500.0,0.0,0.0,N,0.0,0.0,0,0.0,7500.0,452796.0,7500.0,Tidak ada,Tidak ada,Jakarta Selatan,249,tank top,Clarity Tank
17,210309VNAMBU71,Selesai,Pengembalian,JP5351047288,J&T Express,Pickup,2021-03-12 17:33:00,2021-03-10 16:17:00,2021-03-09 17:29:00,2021-03-09 17:33:00,ct,miniletics Tank Top Olahraga Wanita ClariTy Tank,CT_Black_M,"Black,M",139000.0,139000.0,1,139000.0,0.0,0.0,0.0,300,3,900,7500.0,0.0,0.0,N,0.0,0.0,0,0.0,7500.0,452796.0,7500.0,Tidak ada,Tidak ada,Jakarta Selatan,249,tank top,Clarity Tank
18,21031148FXER9F,Selesai,Pengembalian,10000983453112,Anteraja,Pickup,2021-03-15 14:23:00,2021-03-12 15:09:00,2021-03-11 14:22:00,2021-03-11 14:23:00,tst,miniletics Baju Olahraga Wanita Tank Top Tie It Strong Tank,TST_White_M,"White,M",144000.0,144000.0,1,144000.0,0.0,0.0,0.0,300,2,600,0.0,0.0,0.0,N,0.0,0.0,0,0.0,7500.0,332234.0,7500.0,Tidak ada,Tidak ada,Jakarta Utara,31,tank top,Tie It Strong Tank
19,21031148FXER9F,Selesai,Pengembalian,10000983453112,Anteraja,Pickup,2021-03-15 14:23:00,2021-03-12 15:09:00,2021-03-11 14:22:00,2021-03-11 14:23:00,alb,"miniletics Sports Bra Alleviate Bra, with A/B bra cup",ALB_White_M,"White,M",169500.0,169500.0,1,169500.0,0.0,0.0,0.0,300,2,600,0.0,0.0,0.0,N,0.0,0.0,0,0.0,7500.0,332234.0,7500.0,Tidak ada,Tidak ada,Jakarta Utara,31,sports bra,"Alleviate Bra, Support with A/B bra cup"
20,210306NJMXPMKE,Selesai,Pengembalian,10000967878450,Anteraja,Pickup,2021-03-09 21:54:00,2021-03-08 15:16:00,2021-03-06 21:53:00,2021-03-06 21:54:00,alb,"miniletics Sports Bra Alleviate Bra, with A/B bra cup",ALB_Periwinkle_L,"Periwinkle,L",169500.0,169500.0,1,169500.0,0.0,0.0,0.0,300,1,300,0.0,0.0,0.0,N,0.0,0.0,0,0.0,10000.0,180000.0,35000.0,Tidak ada,Tidak ada,Gorontalo,50,sports bra,"Alleviate Bra, Support with A/B bra cup"
21,210317K3KXW8QQ,Selesai,Pengembalian,002508248870,SiCepat REG,Pickup,2021-03-19 12:05:00,2021-03-17 15:10:00,2021-03-17 12:05:00,2021-03-17 12:05:00,molfull,miniletics Legging Olahraga Wanita Motion Legging Full,MOLFull_Black_S,"Black,S",244500.0,244500.0,1,244500.0,0.0,0.0,0.0,300,1,300,0.0,0.0,0.0,N,0.0,0.0,0,0.0,7000.0,254014.0,7000.0,Tidak ada,Tidak ada,Jakarta Pusat,121,legging,Motion Legging Full
22,2103139BYHGRQR,Selesai,Pengembalian,10000992318989,Anteraja,Pickup,2021-03-16 15:08:00,2021-03-15 15:13:00,2021-03-13 15:08:00,2021-03-13 15:08:00,emb,miniletics Sports Bra Wanita Embrace Bra (support with A/B bra cup),EMB_Cream_M,"Cream,M",174500.0,174500.0,1,174500.0,0.0,0.0,0.0,300,1,300,7500.0,0.0,0.0,N,0.0,0.0,37800,0.0,0.0,148100.0,3500.0,Tidak ada,Tidak ada,Surabaya,59,sports bra,"Embrace Bra, Support with A/B bra cup"
23,210320TQCT82HT,Selesai,Pengembalian,002510225221,"Reguler
SiCepat REG",Pickup,2021-03-23 12:48:00,2021-03-22 17:44:00,2021-03-20 12:47:00,2021-03-20 12:48:00,molfull,miniletics Legging Olahraga Wanita Motion Legging Full,MOLFull_PastelLilac_L,"Paste Lilac,L",244500.0,244500.0,1,244500.0,0.0,0.0,0.0,300,1,300,0.0,0.0,0.0,N,0.0,0.0,0,0.0,9000.0,253500.0,9000.0,Tidak ada,Tidak ada,Tangerang Selatan,46,legging,Motion Legging Full
24,2103139KPGNMQP,Selesai,Pengembalian,10000992341680,Anteraja,Pickup,2021-03-16 07:33:00,2021-03-15 15:13:00,2021-03-13 17:26:00,2021-03-14 07:33:00,racrop,miniletics Celana Wanita Ready Anywhere Crop,RACrop_LavenderGrey_S,"Lavender Grey,S",249500.0,249500.0,1,249500.0,0.0,0.0,0.0,300,1,300,0.0,0.0,0.0,N,0.0,0.0,0,0.0,7500.0,257500.0,7500.0,Tidak ada,Tidak ada,Jakarta Selatan,34,pants,Ready Anywhere Crop
25,2103234XNWWP7Y,Selesai,Pengembalian,10001022146312,"Reguler
Anteraja",Pickup,2021-03-25 10:49:00,2021-03-23 14:40:00,2021-03-23 10:46:00,2021-03-23 10:49:00,molfull,miniletics Legging Olahraga Wanita Motion Legging Full,MOLFull_Black_XL,"Black,XL",244500.0,244500.0,1,244500.0,0.0,0.0,0.0,300,1,300,0.0,0.0,0.0,N,0.0,0.0,0,0.0,6000.0,250804.0,6000.0,Tidak ada,Tidak ada,Tulungagung,62,legging,Motion Legging Full
26,210317K0N5C9SA,Selesai,Pengembalian,002508174638,SiCepat REG,Pickup,2021-03-19 11:13:00,2021-03-17 15:11:00,2021-03-17 11:12:00,2021-03-17 11:13:00,sprjacket,miniletics Jaket Olahraga Wanita Sprint Jacket,SPRJacket_SpaceBlue_M,"Space Blue,M",274500.0,260774.0,1,260774.0,13724.0,13724.0,0.0,300,2,600,0.0,0.0,0.0,Y,0.0,22450.0,0,0.0,17000.0,447984.0,17000.0,Tidak ada,Tidak ada,Palembang,196,jacket,Sprint Jaket
27,210317K0N5C9SA,Selesai,Pengembalian,002508174638,SiCepat REG,Pickup,2021-03-19 11:13:00,2021-03-17 15:11:00,2021-03-17 11:12:00,2021-03-17 11:13:00,pwrhigh,"miniletics Sports Bra Power High Neck Bra, with A/B cup",PWRHigh_Black_M,"Black,M",174500.0,165774.0,1,165774.0,8724.0,8724.0,0.0,300,2,600,0.0,0.0,0.0,Y,0.0,22450.0,0,0.0,17000.0,447984.0,17000.0,Tidak ada,Tidak ada,Palembang,196,sports bra,"Power High Neck Bra, Support with A/B bra cup"
28,210314C47C7H7V,Selesai,Pengembalian,CM86526509968,JNE Reguler (Cashless),Pickup,2021-03-17 15:28:00,2021-03-16 15:43:00,2021-03-14 17:27:00,2021-03-15 15:28:00,emb,miniletics Sports Bra Wanita Embrace Bra (support with A/B bra cup),EMB_Cream_L,"Cream,L",174500.0,174500.0,1,174500.0,0.0,0.0,0.0,300,1,300,0.0,0.0,0.0,N,0.0,0.0,0,0.0,9000.0,184000.0,9000.0,Tidak ada,Tidak ada,Bekasi,86,sports bra,"Embrace Bra, Support with A/B bra cup"
29,210330PDJXRRP9,Selesai,Pengembalian,CM28149415422,"Reguler
JNE Reguler (Cashless)",Pickup,2021-04-01 09:28:00,2021-03-30 17:41:00,2021-03-30 09:28:00,2021-03-30 09:28:00,racrop,"miniletics Ready Anywhere Crop 22"" Celana Wanita",RACrop_MauvePink_S,"Mauve Pink,S",249500.0,249500.0,1,249500.0,0.0,0.0,0.0,300,1,300,0.0,0.0,0.0,N,0.0,0.0,138,0.0,0.0,249430.0,9000.0,Tidak ada,Tidak ada,Sleman,226,pants,Ready Anywhere Crop
30,210330PRR3QDQ6,Selesai,Pengembalian,JP8744823567,"Reguler
J&T Express",Pickup,2021-04-01 12:48:00,2021-03-30 16:23:00,2021-03-30 12:48:00,2021-03-30 12:48:00,cj,miniletics Confit Jacket Jaket Olahraga Wanita,CJ_EggplantPurple_XL,"Eggplant Purple,XL",349000.0,349000.0,1,349000.0,0.0,0.0,0.0,350,1,350,0.0,0.0,0.0,N,0.0,0.0,0,0.0,10000.0,362590.0,10000.0,Tidak ada,Tidak ada,Bandung,11,jacket,Confit Jacket
31,210328JM8C6R50,Selesai,Pengembalian,JP9839014673,"Reguler
J&T Express",Pickup,2021-03-30 21:21:00,2021-03-29 16:23:00,2021-03-28 21:17:00,2021-03-28 21:21:00,fft,"miniletics Feel Free Basic Crop Tank, Light Support with A/B cup Tank Top Olahraga Wanita",FFT_White_S,"White,S",134000.0,134000.0,1,134000.0,0.0,0.0,0.0,300,2,600,7500.0,0.0,0.0,N,0.0,0.0,0,0.0,7500.0,274000.0,7500.0,Tidak ada,Tidak ada,Jakarta Selatan,17,tank top,Feel Free Basic Crop Tank
32,210328JM8C6R50,Selesai,Pengembalian,JP9839014673,"Reguler
J&T Express",Pickup,2021-03-30 21:21:00,2021-03-29 16:23:00,2021-03-28 21:17:00,2021-03-28 21:21:00,clt,miniletics Cross Limit (Cropped Tank) Tank Top Olahraga Wanita,CLT_Black_S,"Black,S",139500.0,139500.0,1,139500.0,0.0,0.0,0.0,300,2,600,7500.0,0.0,0.0,N,0.0,0.0,0,0.0,7500.0,274000.0,7500.0,Tidak ada,Tidak ada,Jakarta Selatan,17,tank top,Cross Limit Crop Tank
33,210330QF8E884K,Selesai,Pengembalian,CM40894522030,"Reguler
JNE Reguler (Cashless)",Pickup,2021-04-05 04:39:00,2021-03-31 16:22:00,2021-03-30 19:31:00,2021-03-31 04:39:00,nmt,"miniletics Notice Mi 2 in 1 Tank, A/B cup Tank Top Olahraga Wanita",NMT_Grey_L,"Grey,L",199500.0,199500.0,1,199500.0,0.0,0.0,0.0,300,2,600,0.0,0.0,0.0,N,0.0,0.0,0,0.0,14000.0,458500.0,14000.0,Tidak ada,Tidak ada,Serang,122,tank top,Notice Mi 2-in-1 Tank Medium Support with A/B Cup
34,210330QF8E884K,Selesai,Pengembalian,CM40894522030,"Reguler
JNE Reguler (Cashless)",Pickup,2021-04-05 04:39:00,2021-03-31 16:22:00,2021-03-30 19:31:00,2021-03-31 04:39:00,molfull,"miniletics Motion Legging Full 24"" Legging Olahraga Wanita",MOLFull_Black_XL,"Black,XL",244500.0,244500.0,1,244500.0,0.0,0.0,0.0,300,2,600,0.0,0.0,0.0,N,0.0,0.0,0,0.0,14000.0,458500.0,14000.0,Tidak ada,Tidak ada,Serang,122,legging,Motion Legging Full
35,210330QTRKKXMV,Selesai,Pengembalian,002514240574,"Reguler
SiCepat REG",Pickup,2021-04-01 22:57:00,2021-03-31 15:42:00,2021-03-30 22:56:00,2021-03-30 22:57:00,cj,miniletics Confit Jacket Jaket Olahraga Wanita,CJ_Turqoise_M,"Turquoise,M",349000.0,349000.0,1,349000.0,0.0,0.0,0.0,350,1,350,0.0,0.0,0.0,N,0.0,0.0,0,0.0,0.0,349000.0,7500.0,Mohon dikirim segera!❤️,Tidak ada,Jakarta Selatan,89,jacket,Confit Jacket
36,210331SYK2BMGR,Selesai,Pengembalian,002515684143,"Reguler
SiCepat REG",Pickup,2021-04-06 14:35:00,2021-04-03 12:56:00,2021-03-31 19:28:00,2021-04-01 14:35:00,molshorts,"miniletics Motion Shorts 4""Celana Olahraga Wanita",MOLShorts_Black_S,"Black,S",169500.0,169500.0,1,169500.0,0.0,0.0,0.0,300,2,600,0.0,0.0,0.0,N,0.0,0.0,0,0.0,0.0,344500.0,10000.0,Tidak ada,Tidak ada,Denpasar,194,shorts,"Motion Shorts 4"""
37,210331SYK2BMGR,Selesai,Pengembalian,002515684143,"Reguler
SiCepat REG",Pickup,2021-04-06 14:35:00,2021-04-03 12:56:00,2021-03-31 19:28:00,2021-04-01 14:35:00,embhigh,"miniletics Embrace Bra High Neck, with A/B cup Sports Bra",EMBHigh_White_M,"White,M",174500.0,174500.0,1,174500.0,0.0,0.0,0.0,300,2,600,0.0,0.0,0.0,N,0.0,0.0,0,0.0,0.0,344500.0,10000.0,Tidak ada,Tidak ada,Denpasar,194,sports bra,Embrace Bra High Neck Support with A/B Cup
38,2104058FJ8QS3F,Selesai,Pengembalian,002517234415,"Reguler
SiCepat REG",Pickup,2021-04-08 10:13:00,2021-04-05 15:29:00,2021-04-05 10:13:00,2021-04-05 10:13:00,sprjacket,miniletics Sprint Jacket Jaket Olahraga Wanita,SPRJacket_ArtichokeGreen_M,"Artichoke Green,M",274500.0,274500.0,1,274500.0,0.0,0.0,0.0,300,1,300,0.0,0.0,0.0,N,0.0,0.0,0,0.0,0.0,274500.0,7500.0,Tidak ada,Tidak ada,Jakarta Selatan,259,jacket,Sprint Jaket
39,2104020SJUJJ1V,Selesai,Pengembalian,002515685013,"Reguler
SiCepat REG",Pickup,2021-04-06 08:51:00,2021-04-03 13:43:00,2021-04-02 08:51:00,2021-04-02 08:51:00,slfull,"miniletics  Swift Legging 23"" Legging Olahraga Wanita",SLfull_DarkBlue_M,"Dark Blue,M",249500.0,243544.0,1,243544.0,5954.0,5954.0,0.0,300,2,600,7500.0,0.0,0.0,Y,0.0,10000.0,836,0.0,0.0,401082.0,17000.0,Tidak ada,Tidak ada,Palembang,198,legging,Swift Legging Full
40,2104020SJUJJ1V,Selesai,Pengembalian,002515685013,"Reguler
SiCepat REG",Pickup,2021-04-06 08:51:00,2021-04-03 13:43:00,2021-04-02 08:51:00,2021-04-02 08:51:00,alb,"miniletics Alleviate Bra, with A/B bra cup Sports Bra",ALB_Periwinkle_M,"Periwinkle,M",169500.0,165454.0,1,165454.0,4044.0,4044.0,0.0,300,2,600,7500.0,0.0,0.0,Y,0.0,10000.0,836,0.0,0.0,401082.0,17000.0,Tidak ada,Tidak ada,Palembang,198,sports bra,"Alleviate Bra, Support with A/B bra cup"
41,210406BVK7FH0R,Selesai,Pengembalian,IN-2-0IUPCRH3H1JP2YC6BXZ3,"Instant
GrabExpress Instant",Pickup,2021-04-08 18:44:00,2021-04-07 14:09:00,2021-04-06 18:44:00,2021-04-06 18:44:00,moltrain,"miniletics  Motion Train Tight 23"" Celana Olahraga Wanita",MOLTrain_Crimson_L,"Crimson,L",279500.0,274166.0,1,274166.0,5334.0,5334.0,0.0,300,2,600,0.0,0.0,0.0,Y,0.0,10000.0,0,0.0,11000.0,530250.0,11000.0,Tidak ada,Tidak ada,Surabaya,209,legging,"Motion Legging Train Tight 23"""
42,210406BVK7FH0R,Selesai,Pengembalian,IN-2-0IUPCRH3H1JP2YC6BXZ3,"Instant
GrabExpress Instant",Pickup,2021-04-08 18:44:00,2021-04-07 14:09:00,2021-04-06 18:44:00,2021-04-06 18:44:00,molfull,"miniletics Motion Legging Full 24"" Legging Olahraga Wanita",MOLFull_Purple_L,"Purple,L",244500.0,239834.0,1,239834.0,4666.0,4666.0,0.0,300,2,600,0.0,0.0,0.0,Y,0.0,10000.0,0,0.0,11000.0,530250.0,11000.0,Tidak ada,Tidak ada,Surabaya,209,legging,Motion Legging Full
43,2104058V0QH7RC,Selesai,Pengembalian,002517628336,"Reguler
SiCepat REG",Pickup,2021-04-08 14:19:00,2021-04-05 15:44:00,2021-04-05 13:56:00,2021-04-05 14:19:00,fft,"miniletics Feel Free Basic Crop Tank, Light Support with A/B cup Tank Top Olahraga Wanita",FFT_DarkBlue_S,"Dark Blue,S",134000.0,113900.0,1,113900.0,20100.0,20100.0,0.0,300,3,900,7500.0,0.0,0.0,N,0.0,0.0,31123,0.0,5000.0,362738.0,15000.0,Tidak ada,Tidak ada,Jakarta Barat,101,tank top,Feel Free Basic Crop Tank
44,2104058V0QH7RC,Selesai,Pengembalian,002517628336,"Reguler
SiCepat REG",Pickup,2021-04-08 14:19:00,2021-04-05 15:44:00,2021-04-05 13:56:00,2021-04-05 14:19:00,tst,miniletics Tie It Strong Tank Baju Olahraga Wanita Tank Top,TST_White_S,"White,S",144000.0,122400.0,1,122400.0,21600.0,21600.0,0.0,300,3,900,7500.0,0.0,0.0,N,0.0,0.0,31123,0.0,5000.0,362738.0,15000.0,Tidak ada,Tidak ada,Jakarta Barat,101,tank top,Tie It Strong Tank
45,2104058V0QH7RC,Selesai,Pengembalian,002517628336,"Reguler
SiCepat REG",Pickup,2021-04-08 14:19:00,2021-04-05 15:44:00,2021-04-05 13:56:00,2021-04-05 14:19:00,tst,miniletics Tie It Strong Tank Baju Olahraga Wanita Tank Top,TST_Black_S,"Black,S",144000.0,144000.0,1,144000.0,0.0,0.0,0.0,300,3,900,7500.0,0.0,0.0,N,0.0,0.0,31123,0.0,5000.0,362738.0,15000.0,Tidak ada,Tidak ada,Jakarta Barat,101,tank top,Tie It Strong Tank
46,2104058VHR13B8,Selesai,Pengembalian,JP0731135638,"Reguler
J&T Express",Pickup,2021-04-08 14:07:00,2021-04-05 19:26:00,2021-04-05 14:05:00,2021-04-05 14:07:00,slfull,"miniletics  Swift Legging 23"" Legging Olahraga Wanita",SLfull_Black_S,"Black,S",249500.0,243544.0,1,243544.0,5954.0,5954.0,0.0,300,2,600,7500.0,0.0,0.0,Y,0.0,10000.0,15000,0.0,0.0,394500.0,3500.0,Tidak ada,Tidak ada,Surabaya,60,legging,Swift Legging Full
47,2104058VHR13B8,Selesai,Pengembalian,JP0731135638,"Reguler
J&T Express",Pickup,2021-04-08 14:07:00,2021-04-05 19:26:00,2021-04-05 14:05:00,2021-04-05 14:07:00,ffb,"miniletics Feel Free Bra, with A/B cup Sports Bra",FFB_Black_S,"Black,S",169500.0,165454.0,1,165454.0,4044.0,4044.0,0.0,300,2,600,7500.0,0.0,0.0,Y,0.0,10000.0,15000,0.0,0.0,394500.0,3500.0,Tidak ada,Tidak ada,Surabaya,60,sports bra,Feel Free Bra Support with A/B bra cup
48,2104058SWSCJEU,Selesai,Pengembalian,002517533433,"Reguler
SiCepat REG",Pickup,2021-04-08 13:18:00,2021-04-05 17:06:00,2021-04-05 13:18:00,2021-04-05 13:18:00,fft,"miniletics Feel Free Basic Crop Tank, Light Support with A/B cup Tank Top Olahraga Wanita",FFT_LightGrey_L,"Light Grey,L",134000.0,113900.0,1,113900.0,20100.0,20100.0,0.0,300,1,300,5694.0,0.0,0.0,N,0.0,0.0,9776,0.0,0.0,103316.0,7500.0,Tidak ada,Tidak ada,Semarang,216,tank top,Feel Free Basic Crop Tank
49,210402VWJK8BHC,Selesai,Pengembalian,JP5537677537,"Reguler
J&T Express",Pickup,2021-04-06 23:32:00,2021-04-03 14:01:00,2021-04-01 23:30:00,2021-04-01 23:32:00,molfull,"miniletics Motion Legging Full 24"" Legging Olahraga Wanita",MOLFull_MauvePink_L,"Mauve Pink,L",244500.0,238992.0,1,238992.0,5506.0,5506.0,0.0,300,2,600,0.0,0.0,0.0,Y,0.0,10000.0,607,0.0,0.0,434196.0,10000.0,Tidak ada,Tidak ada,Cimahi,55,legging,Motion Legging Full
50,210402VWJK8BHC,Selesai,Pengembalian,JP5537677537,"Reguler
J&T Express",Pickup,2021-04-06 23:32:00,2021-04-03 14:01:00,2021-04-01 23:30:00,2021-04-01 23:32:00,nmt,"miniletics Notice Mi 2 in 1 Tank, A/B cup Tank Top Olahraga Wanita",NMT_White_L,"White,L",199500.0,195006.0,1,195006.0,4492.0,4492.0,0.0,300,2,600,0.0,0.0,0.0,Y,0.0,10000.0,607,0.0,0.0,434196.0,10000.0,Tidak ada,Tidak ada,Cimahi,55,tank top,Notice Mi 2-in-1 Tank Medium Support with A/B Cup
51,2104020QFYJ0Y5,Selesai,Pengembalian,002515681348,"Reguler
SiCepat REG",Pickup,2021-04-06 08:16:00,2021-04-03 12:56:00,2021-04-02 08:13:00,2021-04-02 08:16:00,racrop,"miniletics Ready Anywhere Crop 22"" Celana Wanita",RACrop_AlabasterCream_M,"Alabaster Cream,M",249500.0,249500.0,1,249500.0,0.0,0.0,0.0,300,1,300,7500.0,0.0,0.0,N,0.0,0.0,0,0.0,0.0,242500.0,9000.0,Tidak ada,Tidak ada,Tangerang Selatan,125,pants,Ready Anywhere Crop
52,21040581HWS4HE,Selesai,Pengembalian,002517228501,"Reguler
SiCepat REG",Pickup,2021-04-08 06:02:00,2021-04-05 15:29:00,2021-04-05 06:02:00,2021-04-05 06:02:00,pwrhigh,"miniletics Power High Neck Bra, with A/B cup Sports Bra",PWRHigh_Black_S,"Black,S",174500.0,174500.0,1,174500.0,0.0,0.0,0.0,300,1,300,0.0,0.0,0.0,N,0.0,0.0,0,0.0,3500.0,178000.0,3500.0,"Size small, tolong diproses yg cepat,dicek terlebih dahulu spy tdk ada yg robek,rusak,kotor,cacat,jahitannya pastikan semua rapi,dipacking yg rapi spy tdk robek,kotor,rusak,cacat",Tidak ada,Surabaya,167,sports bra,"Power High Neck Bra, Support with A/B bra cup"
53,2104058UYJ66QX,Selesai,Pengembalian,JP3589597397,"Reguler
J&T Express",Pickup,2021-04-08 13:55:00,2021-04-05 19:28:00,2021-04-05 13:55:00,2021-04-05 13:55:00,molshorts,"miniletics Motion Shorts 6"" Celana Olahraga Wanita",MOLShorts_Maroon_S,"Maroon,S",174500.0,169352.0,1,169352.0,5146.0,5146.0,0.0,300,4,1200,25000.0,0.0,0.0,Y,0.0,10000.0,43598,0.0,0.0,510000.0,15000.0,Tidak ada,Tidak ada,Jakarta Utara,81,shorts,"Motion Shorts 4"""
54,2104058UYJ66QX,Selesai,Pengembalian,JP3589597397,"Reguler
J&T Express",Pickup,2021-04-08 13:55:00,2021-04-05 19:28:00,2021-04-05 13:55:00,2021-04-05 13:55:00,sprshorts,miniletics  Sprint Shorts Celana Olahraga Wanita,SPRShorts_White_S,"Black,S",164500.0,159646.0,1,159646.0,4852.0,4852.0,0.0,300,4,1200,25000.0,0.0,0.0,Y,0.0,10000.0,43598,0.0,0.0,510000.0,15000.0,Tidak ada,Tidak ada,Jakarta Utara,81,shorts,Sprint Shorts
55,2104058UYJ66QX,Selesai,Pengembalian,JP3589597397,"Reguler
J&T Express",Pickup,2021-04-08 13:55:00,2021-04-05 19:28:00,2021-04-05 13:55:00,2021-04-05 13:55:00,fft,"miniletics Feel Free Basic Crop Tank, Light Support with A/B cup Tank Top Olahraga Wanita",FFT_Clay_M,"Clay,M",134000.0,113900.0,1,113900.0,20100.0,20100.0,0.0,300,4,1200,25000.0,0.0,0.0,N,0.0,10000.0,43598,0.0,0.0,510000.0,15000.0,Tidak ada,Tidak ada,Jakarta Utara,81,tank top,Feel Free Basic Crop Tank
56,2104058UYJ66QX,Selesai,Pengembalian,JP3589597397,"Reguler
J&T Express",Pickup,2021-04-08 13:55:00,2021-04-05 19:28:00,2021-04-05 13:55:00,2021-04-05 13:55:00,fft,"miniletics Feel Free Basic Crop Tank, Light Support with A/B cup Tank Top Olahraga Wanita",FFT_DarkBlue_M,"Dark Blue,M",134000.0,113900.0,1,113900.0,20100.0,20100.0,0.0,300,4,1200,25000.0,0.0,0.0,N,0.0,10000.0,43598,0.0,0.0,510000.0,15000.0,Tidak ada,Tidak ada,Jakarta Utara,81,tank top,Feel Free Basic Crop Tank
57,210413VMT3CTUA,Selesai,Pengembalian,JP8764539836,"Reguler
J&T Express",Pickup,2021-04-15 14:09:00,2021-04-13 16:12:00,2021-04-13 10:40:00,2021-04-13 14:09:00,emb,miniletics Embrace Bra (support with A/B bra cup) Sports Bra Wanita,EMB_Black_M,"Black,M",174500.0,174500.0,1,174500.0,0.0,0.0,0.0,300,1,300,0.0,0.0,0.0,N,0.0,0.0,0,0.0,7500.0,182218.0,7500.0,Tidak ada,Tidak ada,Jakarta Barat,115,sports bra,"Embrace Bra, Support with A/B bra cup"
58,210413VXPWSJRM,Selesai,Pengembalian,JP4415121068,"Reguler
J&T Express",Pickup,2021-04-15 13:37:00,2021-04-13 16:12:00,2021-04-13 13:37:00,2021-04-13 13:37:00,pwrhigh,"miniletics Power High Neck Bra, with A/B cup Sports Bra",PWRHigh_Magenta_M,"Magenta,M",174500.0,174500.0,1,174500.0,0.0,0.0,0.0,300,2,600,7500.0,0.0,0.0,N,0.0,0.0,500,0.0,2000.0,376574.0,27000.0,Tidak ada,Tidak ada,Tarakan,238,sports bra,"Power High Neck Bra, Support with A/B bra cup"
59,210413VXPWSJRM,Selesai,Pengembalian,JP4415121068,"Reguler
J&T Express",Pickup,2021-04-15 13:37:00,2021-04-13 16:12:00,2021-04-13 13:37:00,2021-04-13 13:37:00,molfull,"miniletics Motion Legging Full 24"" Legging Olahraga Wanita",MOLFull_MauvePink_M,"Mauve Pink,M",244500.0,207824.0,1,207824.0,36674.0,36674.0,0.0,300,2,600,7500.0,0.0,0.0,N,0.0,0.0,500,0.0,2000.0,376574.0,27000.0,Tidak ada,Tidak ada,Tarakan,238,legging,Motion Legging Full
60,210407CUT4TK01,Selesai,Pengembalian,002518572932,"Reguler
SiCepat REG",Pickup,2021-04-09 04:03:00,2021-04-07 19:21:00,2021-04-07 04:03:00,2021-04-07 04:03:00,fft,"miniletics Feel Free Basic Crop Tank, Light Support with A/B cup Tank Top Olahraga Wanita",FFT_White_M,"White,M",134000.0,134000.0,1,134000.0,0.0,0.0,0.0,300,1,300,6700.0,0.0,0.0,N,0.0,0.0,0,0.0,17000.0,144386.0,17000.0,Tidak ada,Tidak ada,Batam,72,tank top,Feel Free Basic Crop Tank
61,210413VVVTYBWH,Selesai,Pengembalian,10001108512615,"Reguler
Anteraja",Pickup,2021-04-15 13:05:00,2021-04-13 14:40:00,2021-04-13 13:05:00,2021-04-13 13:05:00,alb,"miniletics Alleviate Bra, with A/B bra cup Sports Bra",ALB_White_S,"White,S",169500.0,144074.0,1,144074.0,25424.0,25424.0,0.0,300,1,300,0.0,0.0,0.0,N,0.0,0.0,7500,0.0,0.0,140324.0,9000.0,Tidak ada,Tidak ada,Tangerang,182,sports bra,"Alleviate Bra, Support with A/B bra cup"
62,2104179MYMU901,Selesai,Pengembalian,002522948156,"Reguler
SiCepat REG",Pickup,2021-04-20 11:22:00,2021-04-19 15:32:00,2021-04-17 11:09:00,2021-04-17 11:22:00,fft,"miniletics Feel Free Basic Crop Tank, Light Support with A/B cup Tank Top Olahraga Wanita",FFT_White_M,"White,M",134000.0,129000.0,1,129000.0,5000.0,5000.0,0.0,300,2,600,0.0,0.0,0.0,Y,0.0,10000.0,0,0.0,0.0,258500.0,9000.0,Tolong dikirim produk dlm keadaan baik ya. Terimakasih.,Tidak ada,Bekasi,70,tank top,Feel Free Basic Crop Tank
63,2104179MYMU901,Selesai,Pengembalian,002522948156,"Reguler
SiCepat REG",Pickup,2021-04-20 11:22:00,2021-04-19 15:32:00,2021-04-17 11:09:00,2021-04-17 11:22:00,fft,"miniletics Feel Free Basic Crop Tank, Light Support with A/B cup Tank Top Olahraga Wanita",FFT_CherryPink_M,"Cherry Pink,M",134000.0,129000.0,1,129000.0,5000.0,5000.0,0.0,300,2,600,0.0,0.0,0.0,Y,0.0,10000.0,0,0.0,0.0,258500.0,9000.0,Tolong dikirim produk dlm keadaan baik ya. Terimakasih.,Tidak ada,Bekasi,70,tank top,Feel Free Basic Crop Tank
64,210413VW0M9BGW,Selesai,Pengembalian,10001108512372,"Reguler
Anteraja",Pickup,2021-04-15 13:25:00,2021-04-13 15:08:00,2021-04-13 13:07:00,2021-04-13 13:25:00,molfull,"miniletics Motion Legging Full 24"" Legging Olahraga Wanita",MOLFull_MauvePink_M,"Mauve Pink,M",244500.0,207824.0,1,207824.0,36674.0,36674.0,0.0,300,1,300,7500.0,0.0,0.0,N,0.0,0.0,714,0.0,0.0,200468.0,9000.0,Tidak ada,Tidak ada,Bekasi,5,legging,Motion Legging Full
65,2104142UPRHT4X,Selesai,Pengembalian,002521454234,"Reguler
SiCepat REG",Pickup,2021-04-16 18:24:00,2021-04-15 15:20:00,2021-04-14 18:21:00,2021-04-14 18:24:00,alb,"miniletics Alleviate Bra, with A/B bra cup Sports Bra",ALB_White_M,"White,M",169500.0,163914.0,1,163914.0,5584.0,5584.0,0.0,300,2,600,0.0,0.0,0.0,Y,0.0,10000.0,0,0.0,0.0,294000.0,10000.0,Tidak ada,Tidak ada,Badung,65,sports bra,"Alleviate Bra, Support with A/B bra cup"
66,2104142UPRHT4X,Selesai,Pengembalian,002521454234,"Reguler
SiCepat REG",Pickup,2021-04-16 18:24:00,2021-04-15 15:20:00,2021-04-14 18:21:00,2021-04-14 18:24:00,fft,"miniletics Feel Free Basic Crop Tank, Light Support with A/B cup Tank Top Olahraga Wanita",FFT_Blue_M,"Blue,M",134000.0,129584.0,1,129584.0,4414.0,4414.0,0.0,300,2,600,0.0,0.0,0.0,Y,0.0,10000.0,0,0.0,0.0,294000.0,10000.0,Tidak ada,Tidak ada,Badung,65,tank top,Feel Free Basic Crop Tank
67,21042632BC394U,Selesai,Pengembalian,IN-2-0IUPCRH3H1KA1YR28FZ4,"Instant
GrabExpress Instant",Pickup,2021-04-29 10:06:00,2021-04-26 14:58:00,2021-04-26 10:06:00,2021-04-26 10:06:00,alb,"miniletics Alleviate Bra, with A/B bra cup Sports Bra",ALB_White_S,"White,S",169500.0,152550.0,1,152550.0,16950.0,16950.0,0.0,300,1,300,0.0,0.0,0.0,N,0.0,0.0,0,0.0,0.0,152550.0,13000.0,Tidak ada,Tidak ada,Surabaya,47,sports bra,"Alleviate Bra, Support with A/B bra cup"
68,2104251V3R1PEP,Selesai,Pengembalian,JP8201185420,"Reguler
J&T Express",Pickup,2021-04-29 22:45:00,2021-04-26 18:23:00,2021-04-25 22:42:00,2021-04-25 22:45:00,racrop,"miniletics Ready Anywhere Crop 22"" Celana Wanita",RACrop_LavenderGrey_M,"Lavender Grey,M",249500.0,218664.0,1,218664.0,30834.0,30834.0,0.0,300,2,600,0.0,0.0,0.0,Y,0.0,10000.0,0,0.0,0.0,371600.0,7500.0,Tidak ada,Tidak ada,Jakarta Selatan,35,pants,Ready Anywhere Crop
69,2104251V3R1PEP,Selesai,Pengembalian,JP8201185420,"Reguler
J&T Express",Pickup,2021-04-29 22:45:00,2021-04-26 18:23:00,2021-04-25 22:42:00,2021-04-25 22:45:00,pwrhigh,"miniletics Power High Neck Bra, with A/B cup Sports Bra",PWRHigh_Magenta_S,"Magenta,S",174500.0,152934.0,1,152934.0,21564.0,21564.0,0.0,300,2,600,0.0,0.0,0.0,Y,0.0,10000.0,0,0.0,0.0,371600.0,7500.0,Tidak ada,Tidak ada,Jakarta Selatan,35,sports bra,"Power High Neck Bra, Support with A/B bra cup"
